monthly_income,existing_emi,credit_score,employment_years,relationship_years,avg_bank_balance,collateral_value,fraud_risk_score,bank_policy_multiplier,recommended_loan_amount
146958,40355,814,1,3,428443,950162,0.14,19.76,3225757
171867,33496,587,16,1,933482,1274634,0.75,8.81,1664057
156932,23548,643,9,7,813585,2755063,0.77,14.22,3287903
128694,27384,644,13,2,331909,1228807,0.66,10.15,1580560
144879,44425,618,11,3,764444,122775,0.77,19.65,2607671
135268,38756,785,13,11,642500,4514276,0.85,9.36,3027258
79886,18888,686,10,6,573359,4463158,0.61,12.84,2725494
162337,35735,625,4,9,122990,414600,0.09,16.85,3174608
193266,47295,584,6,8,79519,2269070,0.49,16.45,3994939
112498,48816,550,7,1,19503,4413359,0.08,13.07,2788305
137727,17506,845,5,2,201775,2033901,0.41,12.16,2434592
151324,20463,609,11,3,991883,2831569,0.41,12.77,2939206
41023,17955,816,13,9,629745,1448763,0.07,11.17,1454707
66090,37841,778,19,0,723226,2519507,0.35,10.46,1360164
92221,5104,819,10,6,157977,1256715,0.11,13.8,2143093
89820,34911,835,10,1,580126,80257,0.81,11.22,772548
25769,23190,840,11,4,921632,1526534,0.95,11.45,768810
84735,7357,762,7,14,461495,824143,0.07,15.88,2444776
89925,32479,714,18,0,623777,3014938,0.96,19.62,2450444
30311,44811,554,4,2,36806,3802986,0.52,15.24,1517107
128355,36208,627,2,11,186072,4722727,0.3,8.92,3125448
110305,20150,611,14,1,425384,371616,0.08,8.91,1130102
184765,5644,681,13,0,80119,1960155,0.5,19.42,4248748
155608,43286,638,12,6,835146,3624064,0.79,11.57,2944628
181730,47320,786,7,4,195165,775158,0.71,9.1,1730861
109478,2914,591,2,0,851851,2710527,0.05,15.19,2720932
147537,21352,638,13,5,976649,1768967,0.07,15.48,3121253
174503,46352,845,14,4,639720,916383,0.4,15.78,2995184
155523,44912,844,17,14,480641,279215,0.3,11.21,2302659
27747,14397,653,9,2,889381,2843236,0.23,8.18,1301213
148855,41555,563,17,11,481027,3737859,0.28,19.58,4497169
90725,46959,837,8,6,929965,273349,0.8,11.01,988197
154981,728,728,2,10,417507,4118893,0.93,16.11,4335891
109654,698,674,13,9,712164,1960584,0.41,16.48,2983169
191845,39954,572,3,8,873403,3733003,0.91,15.32,4196001
144346,47280,612,16,13,889903,1416207,0.32,11.75,2521203
92435,13923,692,6,12,861378,578688,0.48,11.25,1760342
81886,16779,702,19,12,895421,4226156,0.23,15.17,3293798
91803,7400,694,7,8,94080,2474653,0.64,18.39,2876974
56551,24466,774,10,13,262791,3202209,0.98,19.36,2569418
141216,36939,653,9,8,988836,4227995,0.6,9.27,2876731
36394,4360,653,2,1,87794,4588645,0.36,9.86,2035165
94092,35270,588,15,2,302985,532726,0.65,19.34,1775735
28890,17101,747,5,6,134447,3952255,0.12,16.84,2183693
66606,32307,683,4,4,130029,3817242,0.89,18.6,2419928
112313,5486,616,4,1,189830,4990488,0.5,10.43,2928386
166699,8335,728,18,2,517942,239968,0.45,15.05,2673300
33792,21364,591,4,9,348416,288963,0.59,16.41,905625
199073,37259,564,17,5,571931,2592536,0.62,16.16,4031602
179969,23576,660,12,12,977912,2975635,0.07,12.9,3918072
93148,31667,706,17,6,316094,3301017,0.68,8.18,1936911
149243,11130,838,10,8,197921,519165,0.24,15.0,2868083
145174,21972,780,1,0,372644,4414084,0.71,11.04,2953470
179555,40419,706,18,10,693404,3440866,0.82,13.4,3718035
149358,1167,587,18,6,508685,3878363,0.8,19.49,4465973
73555,27192,646,14,7,397732,3243484,0.55,12.79,2204835
42159,1062,838,15,11,550285,3024243,0.52,18.08,2415623
135510,18540,803,12,13,876183,1027557,0.14,10.26,2410744
131530,24244,745,4,2,632893,1996170,0.78,16.07,2670582
105077,21545,635,3,3,951415,3888577,0.27,19.72,3488939
60920,21689,559,12,9,851965,1206123,0.5,9.22,1250228
44457,11174,554,7,5,354710,1616596,0.28,8.1,1141011
103953,22925,672,11,9,760230,1785559,0.13,13.2,2393036
77995,37497,667,1,6,679931,308449,0.63,9.11,796383
196829,9348,843,6,12,642543,3847125,0.05,16.98,5409736
34692,23714,708,15,13,794586,533634,0.75,18.97,1257326
62065,38102,777,15,3,461157,3932747,0.32,13.21,2139665
124299,8924,765,19,7,68005,190237,0.0,11.1,1916724
188678,37098,733,11,4,227322,856047,0.51,13.21,2726054
36534,24394,564,2,0,199784,4623636,0.05,16.68,2158557
65397,6801,706,14,3,577829,4415677,0.28,8.11,2263860
116387,37614,685,2,2,33387,1406368,0.71,15.07,2003920
26016,6731,810,4,8,890412,845474,0.06,15.36,1226160
80591,48136,706,17,7,714268,4565537,0.84,15.65,2748781
48247,23625,596,3,0,95457,1224744,0.0,10.9,914758
49300,17337,722,13,10,154129,4862894,0.25,16.57,2985650
107798,35307,679,9,5,598316,3347769,0.74,9.1,2067618
34268,7056,644,7,8,653534,2131018,0.32,10.39,1510495
111807,11516,664,15,6,327875,3251128,0.1,18.53,3553510
37185,44261,792,11,3,690218,4629375,0.36,16.86,2133306
195171,1542,841,2,12,189761,3489429,0.27,8.16,3531774
164643,21677,831,15,0,578926,2508426,0.84,10.98,2468148
63044,46732,848,14,11,494814,2531086,0.31,10.57,1847580
76214,39081,832,11,1,187558,294746,0.79,11.25,668895
139752,27569,618,3,11,554855,4352892,0.89,10.97,3273639
73984,23322,697,17,4,432955,1702159,0.43,8.75,1301812
65774,19065,560,12,11,592092,3757985,0.91,13.51,2468202
27568,17924,803,15,10,380965,3802177,0.38,16.79,2237063
145151,22556,587,16,4,13754,2003426,0.96,15.28,2797521
158767,26962,683,5,7,561332,3351463,0.09,16.07,4003159
149375,28295,749,6,5,77260,123950,0.69,8.97,1387732
161330,13807,572,19,7,76912,4523942,0.49,19.42,4951611
64504,42348,767,5,1,266695,4794821,0.39,18.06,2629218
189231,26432,690,3,2,542994,1153224,0.63,17.66,3617696
38986,17749,653,1,5,805326,4232851,0.7,17.88,2239662
86858,41459,759,6,11,945541,2650235,0.0,19.19,3002684
154312,26256,660,15,12,356130,4740039,0.17,14.53,4405280
37666,40262,653,2,9,878374,1740534,0.71,10.4,1079194
63660,37080,720,3,2,716972,3891839,0.67,15.4,2124956
159633,1324,682,17,5,39725,1304766,0.97,16.91,3275700
51854,25731,842,12,5,146998,2303554,0.76,16.86,1706895
89505,35909,676,18,1,114555,3398147,0.95,14.26,2112186
129488,23803,655,15,6,271486,4948409,0.7,8.82,2937548
47662,19870,641,12,11,805928,4020120,0.3,12.45,2461883
33392,34578,836,16,1,590735,2946862,0.11,19.05,1616868
55535,6588,600,8,5,898036,2676517,0.78,15.01,1883845
138569,38069,578,14,0,695166,4307086,0.64,14.46,3159133
77256,26790,845,17,2,884631,627220,0.05,11.23,1168751
114135,25289,846,8,1,575609,443316,0.36,12.42,1524063
152478,28178,763,15,6,787401,3517741,0.96,18.74,4066606
60222,28710,816,14,13,243103,3456653,0.5,16.0,2647553
102373,15485,806,18,3,992599,475595,0.43,17.45,2051348
148684,44482,650,7,7,425872,1465744,0.46,13.45,2531773
35965,20652,659,3,5,65147,1888806,0.21,15.56,1407338
49538,4748,731,12,11,625684,3244424,0.37,10.98,2263271
133066,21233,550,3,9,452882,2148091,0.37,16.47,3249470
138252,9435,604,14,3,485584,3961676,0.05,13.13,3412523
164182,3709,698,15,4,310931,1760462,0.77,13.31,2915341
183338,30355,686,14,12,254839,2238673,0.42,15.79,4081445
123806,13116,751,7,12,466162,1623154,0.82,19.24,3386379
162982,25470,666,17,14,556015,4058848,0.85,8.77,3257375
135989,42344,703,12,14,773711,3480826,0.21,17.9,4126071
115982,42918,840,4,8,105081,809178,0.66,11.51,1686658
146626,39298,612,9,6,394865,4777402,0.47,13.33,3623796
144176,42956,793,6,9,775418,4670817,0.88,8.26,2866708
156278,14683,574,16,13,602344,2562605,0.22,11.61,3321734
147409,504,639,2,13,668441,721037,0.68,14.03,2922461
48419,33982,624,8,8,699556,3232244,0.61,8.67,1652421
75015,34299,843,11,6,702095,2799250,0.3,13.89,2168290
147096,28016,759,13,11,770109,1021469,0.14,19.13,3644395
132059,23960,566,17,0,90102,2381306,0.65,9.26,1811766
135687,33591,677,8,11,166570,2892371,0.74,17.17,3571043
112939,17312,800,18,7,611153,1812336,0.32,12.92,2408547
174213,37797,728,18,3,697016,4333848,0.64,15.86,4117852
130878,46196,731,14,2,77695,463001,0.4,11.12,1410967
189899,49285,701,15,13,441116,3180246,0.71,9.91,3213697
87623,2105,574,6,12,531608,2151061,0.2,9.93,2289237
100450,36395,729,11,6,127235,3950511,0.89,8.85,2195339
118426,45740,747,13,11,450917,2822136,0.29,10.23,2482810
142845,22700,710,1,2,643065,515693,0.37,15.97,2446717
178371,34620,726,6,7,29033,2636722,0.06,18.58,4473577
68585,37678,834,9,5,526409,239017,0.11,17.77,1426453
134225,20559,612,8,4,676165,414994,0.52,16.22,2355121
89044,27509,699,11,3,701211,941768,0.27,9.33,1183648
198629,27860,703,19,7,561120,1840083,0.84,11.47,2973223
134556,11003,705,9,7,204509,1076941,0.01,11.72,2388839
27693,21732,598,17,11,387869,465982,0.38,11.0,879346
120259,25826,633,12,0,155016,2538568,0.34,14.18,2443421
50939,30354,726,14,8,292017,273146,0.02,14.43,1163148
199013,13843,697,15,13,574660,1164795,0.12,12.28,3529587
177906,44472,667,16,4,99464,1389330,0.41,12.25,2552782
43047,48529,612,1,3,680739,2677747,0.49,17.94,1477357
51105,6190,738,10,5,127322,2409381,0.4,17.47,2001145
100766,17640,598,8,5,702111,4752820,0.53,11.69,2941179
171779,38413,806,18,1,896514,3570599,0.6,18.97,4271773
178048,42356,773,1,7,755182,2943295,0.01,19.43,4691700
69262,44597,690,2,6,801542,3283616,0.46,11.92,1952655
150117,40821,764,1,0,457557,77175,0.96,12.25,1442841
48776,3330,760,1,4,808519,2685747,0.52,14.07,1833533
186152,19087,581,9,11,426978,2078808,0.68,19.29,4657651
153376,41430,707,13,5,879049,1357453,0.31,18.52,3317302
162848,24504,834,1,3,634771,3011786,0.77,9.23,2488812
117787,7114,835,13,1,533886,95028,0.77,12.71,1501496
152948,13323,693,7,12,543884,1558242,0.52,14.64,3295278
80016,34121,568,2,13,244627,4685754,0.98,14.04,2988277
165546,10975,567,6,3,641827,4319453,0.13,10.33,3386245
46959,11023,806,7,0,552601,4948008,0.02,18.31,2698740
161602,21447,627,14,6,909607,163834,0.77,16.12,2717071
144101,24933,724,18,1,731909,2367555,0.81,18.05,3218909
28748,23959,743,15,12,124914,1229787,0.12,18.31,1514740
38545,667,662,2,1,557993,3012359,0.27,16.98,1837994
152659,29703,663,10,8,732724,1325569,0.02,13.27,2811940
190838,9337,771,12,4,869877,1416828,0.29,15.33,3651834
98530,46427,715,17,1,113892,2414165,0.77,9.92,1449141
118557,36487,681,8,10,744005,3208823,0.52,16.08,3252282
86087,19129,813,11,8,274167,3625654,0.35,10.15,2488069
93840,40251,604,3,8,653942,285711,0.37,16.33,1750153
143451,31921,680,6,0,200868,1123389,0.0,10.76,1850659
76005,33307,837,9,10,90073,575919,0.3,9.41,1269619
64353,27355,815,6,2,888629,3331106,0.65,9.98,1698259
77733,37732,711,9,3,598717,852746,0.97,8.02,657077
90318,4835,636,7,13,114195,422381,0.85,16.62,2164678
179736,20159,604,9,6,726987,976433,0.02,16.79,3643033
92172,38810,837,18,9,43848,4654548,0.9,14.18,3014787
118264,47605,727,12,3,965308,2671252,0.78,9.94,1826961
51736,40080,557,8,1,942883,4900164,0.78,9.0,1815428
137859,38088,796,8,6,987168,1520943,0.46,8.23,1723143
137181,13216,804,18,5,299910,401067,0.4,9.99,1735943
156926,35547,603,15,2,78099,460796,0.3,18.69,2970641
115084,31471,798,7,5,439276,4989904,0.07,10.9,3177434
194695,17308,788,11,10,79122,1004001,0.23,12.25,3226194
32392,27532,778,16,14,681447,312023,0.25,9.26,1008536
80680,34349,616,4,5,583156,3205599,0.48,10.67,1967888
75859,45445,600,6,11,653407,4686166,0.75,14.23,2831124
150657,5713,646,3,4,426441,3177902,0.47,15.29,3591064
182381,49407,641,9,3,891718,755111,0.06,10.94,2157302
95467,4804,813,10,9,278787,2320715,0.96,8.69,1968942
123506,10136,840,14,11,496275,2234805,0.94,12.69,2746680
134751,9,645,11,14,308871,4304459,0.79,10.81,3587456
143906,19255,637,18,0,938509,1899054,0.99,10.63,1903268
168760,23793,627,12,9,119079,3457550,0.54,19.52,4758465
50342,29548,837,12,5,862129,1550184,0.96,15.4,1252475
193229,37892,669,13,1,26029,4174482,0.08,14.68,4188275
131308,1015,714,13,12,256353,3273523,0.37,12.99,3510712
131081,27712,731,19,2,417442,88668,0.23,13.15,1746453
114045,34961,772,19,13,204718,2834837,0.2,14.49,3148115
59698,8415,556,14,7,988107,3619348,0.14,16.36,2622941
135078,46318,812,4,9,431947,1924914,0.62,16.43,2988933
105623,47280,710,13,13,381602,4010162,0.78,10.06,2681418
47671,23833,700,8,13,906816,4747395,0.58,14.0,2789382
181256,4158,634,19,5,78926,2770742,0.15,12.94,3646082
118384,20309,696,12,2,671357,2770374,0.81,18.45,3021908
198179,6970,661,18,6,327650,3582299,0.64,15.58,4558334
111202,6938,585,6,3,874661,3045915,0.39,14.39,2790018
76663,21168,834,18,13,453031,270914,0.67,9.38,1302437
40708,46540,737,19,8,52092,4109803,0.26,15.27,2193876
116906,20384,631,5,14,334683,362455,0.35,9.41,1816207
74811,18017,551,9,4,993581,4474017,0.92,12.05,2384729
158883,10344,746,3,2,162889,1034586,0.29,9.71,2022259
81250,40034,560,10,1,703221,1746688,0.47,16.3,1664840
137547,8702,783,19,10,547716,3100581,0.89,10.48,2885145
149249,384,744,3,1,185006,2661637,0.71,12.7,2847308
59754,404,668,15,2,780915,3672277,0.06,18.75,2651338
167483,40943,569,1,1,779727,2084504,0.15,10.45,2299780
158983,47926,810,7,13,151330,4157137,0.01,14.09,4161742
164752,29189,842,12,3,67775,2254736,0.63,13.03,2874071
109896,12763,805,17,1,746940,3021372,0.45,8.22,1974695
96295,18384,771,5,9,277613,2388229,0.13,17.51,2978981
125689,32606,775,4,8,300998,3121881,0.96,8.83,2247212
36111,9860,602,12,1,671616,4854042,0.53,13.69,2155932
62504,38757,829,18,8,789446,2471378,0.24,14.73,2010743
157874,15106,630,17,12,86256,3830121,0.5,15.54,4280732
33155,23574,751,19,5,961441,3562944,0.68,16.26,1831407
64384,23524,707,9,0,371278,1353324,0.08,11.04,1148973
137561,3636,669,4,3,667011,3372455,0.27,8.12,2504481
72254,10916,608,2,14,191360,4268173,0.81,16.68,3220824
46918,4809,764,4,13,356874,869807,0.46,14.43,1645887
110981,32201,677,2,0,428267,4396720,0.55,18.03,3286860
55306,13456,773,15,13,299530,4070028,0.43,17.86,3018692
172718,48212,758,2,5,252634,2664496,0.04,18.12,4104012
71843,38765,664,4,13,943688,2872176,0.17,13.82,2453093
145975,34816,758,6,12,43787,1369277,0.45,12.0,2607435
121601,45106,563,7,3,555909,749971,0.21,17.5,2257251
132512,17100,558,10,2,612272,2593659,0.05,13.42,2773199
172443,21949,589,19,2,463008,4166233,0.84,10.2,3036983
136472,4544,786,19,8,448469,4460276,0.98,18.26,4319180
158121,37744,830,12,5,830483,4075837,0.79,18.59,4284673
187688,45543,750,3,8,321955,1342057,0.85,13.6,2989628
128727,42783,795,13,12,40447,2233706,0.24,8.91,2313034
137893,26657,827,18,4,138046,485757,0.96,12.65,1820394
45932,36187,784,8,1,749290,2054376,0.2,17.64,1425888
142796,47198,553,15,7,526494,2279176,0.95,18.82,3310982
54855,7239,703,1,4,695614,1185111,0.99,10.44,1008404
199088,14489,578,3,1,880477,4961828,0.71,8.8,3354935
32400,49401,658,8,3,651147,2392919,0.98,18.53,1063127
142858,43125,647,4,8,198490,1500948,0.57,12.67,2381501
198714,49922,764,16,14,417688,4107834,0.26,14.5,4732943
40151,28538,842,10,3,514409,2408630,0.44,19.62,1630850
91690,32049,624,12,12,537759,1594918,0.59,8.8,1687589
29499,37131,695,14,11,248404,4668170,0.07,15.78,2505050
31295,42944,677,14,11,654600,2702994,0.62,8.89,1413935
145885,8427,591,2,11,526595,2704716,0.98,12.51,3107368
151071,41348,590,5,12,761164,4902444,0.19,17.65,4741336
84040,24285,583,5,14,673689,192512,0.79,13.2,1591317
37183,37626,566,6,13,175937,3714379,0.91,19.97,2259927
185371,42808,714,13,3,56850,4385724,0.94,14.71,3965607
168946,22928,702,9,1,326364,4904948,0.96,11.85,3473484
141336,19198,625,15,12,253306,1549420,0.52,10.64,2492966
57711,19758,636,14,11,103808,2075915,0.98,12.21,1687940
30539,15254,666,7,14,511597,3348924,0.76,12.47,2069424
151063,44238,576,2,5,671757,3345647,0.16,8.82,2496137
158629,1252,836,7,12,238981,3900379,0.48,12.43,3992650
63360,39764,683,6,10,532220,3804409,0.72,13.57,2328030
158272,12173,768,17,13,700885,2964932,0.25,16.67,4346187
46357,37441,717,2,1,63072,647341,0.64,15.88,700475
144121,26698,647,3,11,755466,1520982,0.67,16.51,3208253
102505,15781,817,5,6,618108,3329693,0.16,8.1,2325722
27869,13051,786,5,2,487746,3998422,0.57,10.61,1716285
75108,39649,722,1,14,33284,1201838,0.77,15.94,1950188
137296,6949,739,8,2,988834,2164563,0.5,13.81,2732520
119179,42289,671,12,4,93369,4479825,0.01,8.06,2555407
115272,8017,595,4,2,821554,3585681,0.01,17.65,3471606
63467,6941,613,13,1,926781,4408285,0.36,17.27,2678932
48328,25934,679,15,9,866985,4975230,0.93,14.58,2579280
116412,23386,742,11,8,747266,2384291,0.23,8.8,2188055
160059,10209,730,10,1,891220,2095588,0.63,17.2,3448007
83871,17715,841,3,13,597100,2655982,0.22,15.0,2840571
178471,28920,831,14,10,280143,4204955,0.32,17.38,4954578
153391,31703,578,16,1,294580,3244967,0.85,17.02,3432477
111416,42318,698,10,12,839395,2985696,0.73,17.64,3226884
95271,4637,816,10,14,667456,437625,0.1,14.22,2344454
69064,4854,845,12,7,533156,3301106,0.43,9.68,2217613
132450,43088,560,9,14,779097,1372070,0.03,16.05,3092858
196890,37660,713,1,8,428495,2430721,0.48,15.45,4024823
44830,39811,662,5,6,262164,2593726,0.66,16.91,1614758
173501,49289,736,8,2,905331,4018280,0.12,10.04,3001788
162965,19856,844,11,8,779605,2542017,0.29,10.34,2939867
141381,21833,781,12,2,298345,4450252,0.4,18.68,4199866
72333,19963,776,1,4,160787,1570057,0.92,17.0,1737457
159508,36932,647,11,8,170381,861069,0.99,18.9,3285168
101213,27169,604,5,11,680438,856626,0.04,17.1,2502673
161967,7941,660,15,13,459830,2161352,0.76,15.17,3736314
175810,14388,701,5,13,539393,106022,0.37,15.85,3422770
55746,5569,795,12,2,914098,2799131,0.39,18.67,2157645
74377,4300,618,5,6,366992,4975045,0.75,14.95,3047980
79045,39037,838,17,11,799271,3207796,0.92,15.59,2526141
122888,36586,799,17,0,78920,470529,0.95,9.88,1000600
195862,12015,585,12,3,840051,2983516,0.58,13.69,3751134
132455,45002,788,15,3,577109,161445,0.36,16.6,2133814
161672,6254,697,15,6,660024,3834242,0.79,11.25,3348224
118179,17144,776,6,7,940997,3282831,0.25,10.43,2713097
196836,24214,793,12,0,551357,4418909,0.56,11.77,3699113
70714,40118,750,18,4,515659,684029,0.36,10.9,968607
127946,15183,703,14,6,17531,510370,0.66,10.58,1688450
134616,6238,622,2,11,440267,1752374,0.24,13.1,2960155
130983,6090,750,9,3,673096,4415276,0.19,18.89,4251927
149123,11637,845,5,12,673070,3999694,0.92,14.08,3942401
174661,22415,566,1,3,77155,3308505,0.1,10.26,3031313
68484,24071,678,3,3,941479,208944,0.51,8.92,658190
107989,45415,766,6,11,596712,2825494,0.22,16.35,3067141
61212,42679,610,5,5,317747,1361303,0.04,12.59,1296402
68525,41240,653,5,6,950756,4201765,0.04,17.86,2815939
188707,18271,591,1,1,484013,2894100,0.18,15.91,4013624
88208,36034,574,17,14,142503,4666805,0.87,17.55,3476092
58828,33434,588,19,4,739963,1197162,0.28,11.26,1077135
174783,4188,840,14,3,702841,1046161,0.95,16.31,3258067
28420,49823,680,12,14,889005,4688482,0.58,11.17,2255800
121752,10161,778,10,13,674917,1779685,0.44,19.27,3600119
156373,28732,657,18,12,375446,1897501,0.58,15.64,3469644
140294,11314,721,11,2,665522,4754619,0.52,11.89,3366531
149019,23954,651,2,6,962246,673218,0.76,11.23,1952844
90726,21508,561,18,10,29675,3885250,0.28,10.29,2677695
166564,21969,824,7,11,83997,603291,0.35,16.34,3407337
140668,45659,650,15,5,158087,4902059,0.89,10.62,2990488
31102,37545,593,11,13,977561,2661198,0.95,15.14,1615306
143015,36668,566,18,6,960095,2179431,0.89,11.18,2242238
51641,23061,606,12,4,496799,4209738,0.42,15.94,2337765
190656,13716,561,6,12,529349,719407,0.78,17.78,4038040
188817,39749,629,13,5,765678,2538143,0.48,17.34,4106996
179165,39144,765,16,4,150905,337913,0.5,17.13,3115502
128746,16907,813,18,13,280040,3915770,0.2,10.25,3348503
61631,18777,698,10,6,436188,328821,0.59,9.06,820786
97991,27693,630,8,1,321877,2180707,0.19,16.39,2298019
29014,42928,764,18,13,785723,1701243,0.33,12.42,1354369
36093,26329,747,1,10,576088,3887008,0.86,13.19,2054570
43070,46892,749,8,4,106044,1812375,0.21,8.37,944104
60777,16282,574,6,5,277491,3627447,0.07,11.11,2187381
81958,23624,638,5,5,724423,3615652,0.07,8.4,2153770
107074,23321,817,15,14,499066,68803,0.94,18.55,2446010
35729,10488,692,15,4,668003,807744,0.51,10.92,808994
183823,22574,608,2,9,312929,748736,0.41,14.69,3260466
130864,5240,575,1,6,815113,699539,0.81,8.47,1511792
155858,43221,596,11,9,977530,245404,0.84,16.0,2581189
130510,10478,837,10,7,376008,17297,0.33,11.88,1932459
79748,45162,815,18,6,943396,788443,0.69,18.78,1708680
30801,19262,565,18,4,843731,3655074,0.77,18.66,1810097
175262,4432,748,17,0,27073,3265962,0.65,11.9,3185859
54592,29721,831,8,12,898736,4762606,0.15,18.81,3218853
35647,13568,635,15,4,564970,3026394,0.88,19.95,1756740
164788,14178,799,8,9,763158,1227146,0.54,17.9,3754354
135627,22195,819,17,1,762254,2880304,0.28,18.14,3461360
95316,302,666,12,12,920734,1333572,0.43,10.99,2149176
27368,17022,556,8,4,417505,4705907,0.04,14.92,2246233
102575,55,686,14,4,125359,615863,0.13,8.81,1450997
31655,45781,725,4,1,935431,4701669,0.77,9.14,1568881
95031,8717,764,1,4,975834,3765056,0.0,19.99,3538390
112922,28699,631,1,12,76707,3325315,0.42,11.92,2912011
149046,8150,772,19,3,261351,828791,0.52,16.98,2942410
169475,2125,652,16,0,480670,3820887,0.05,17.68,4464625
57097,44247,822,14,2,248511,2846274,0.97,18.3,1701382
167038,48513,563,16,0,245718,4839498,0.23,19.97,4713476
149862,16748,708,5,11,599716,4395564,0.3,10.9,3674653
143834,39577,701,9,10,60601,376794,0.3,8.48,1620829
118848,4621,657,2,14,405755,3878450,0.23,12.93,3652954
77921,15034,737,18,4,505479,3033349,0.0,9.56,2070650
151141,46391,647,6,3,645775,1521466,0.73,8.27,1503936
47677,5126,680,9,6,688029,2480252,0.97,12.33,1593705
80609,5122,842,1,4,474184,782877,0.22,17.4,1980519
56024,18030,720,9,9,423860,4902825,0.66,14.79,2832577
95313,17302,732,16,13,421961,3885180,0.74,11.75,2952642
152813,19181,588,13,3,261924,3610793,0.85,15.85,3574737
120285,38638,564,9,1,793441,3299973,0.42,10.78,2208066
171410,1531,553,13,3,824660,3080977,0.3,8.17,2665205
138632,40940,759,9,11,533394,2299899,0.33,17.17,3498816
175580,40441,710,11,1,259430,1972424,0.71,15.48,3100162
28051,23333,565,4,7,437737,1336092,0.82,17.15,1007226
139692,39650,657,2,2,132788,850350,0.18,8.47,1373480
112235,34674,776,6,8,631527,3479027,0.37,18.05,3448596
188165,35854,719,14,12,561216,3205228,0.9,15.43,4248945
195806,46271,583,4,3,290466,167647,0.81,14.76,2631500
98523,8152,800,6,12,460930,2333679,0.98,15.5,2784221
119476,38518,796,19,5,360040,435477,0.75,18.37,2263429
42019,45540,818,6,9,72292,1683523,0.39,15.04,1394514
108613,10267,690,2,4,563343,4196656,0.59,14.97,3208282
111672,25289,823,18,9,315035,4327308,0.66,19.89,3990945
98847,1062,645,13,12,616200,2960033,0.08,17.08,3453147
107750,29926,776,9,0,671948,1581420,0.54,13.31,1779974
53251,6229,588,19,8,362680,786261,0.71,16.49,1437402
128481,49277,578,13,0,278448,3494708,0.17,12.67,2550384
137566,47915,794,11,7,541633,2828630,0.78,10.75,2399554
50945,4632,785,1,8,170372,4244402,0.58,15.16,2643174
115852,39056,734,7,8,951763,3079042,0.95,19.14,3280913
57217,3596,821,15,0,101006,2762081,0.04,19.15,2226897
33308,44243,785,1,1,942856,126060,0.27,12.1,258549
30949,6168,788,12,11,139350,4324848,0.6,14.33,2474917
157222,42563,815,7,12,698725,2796461,0.3,10.54,3009069
125235,7561,614,15,0,815878,3077099,0.71,19.95,3455130
99740,8258,726,19,9,798768,2844180,0.76,19.77,3305099
141352,16616,552,1,1,858464,2621578,0.1,15.79,3175152
91617,26734,691,17,9,216487,4587878,0.51,17.65,3478947
41896,6371,707,17,11,107852,1672795,0.51,16.58,1802946
155798,26069,695,3,7,502092,4093886,0.37,15.12,3992396
163877,14369,842,12,4,148593,2254103,0.93,8.64,2221410
30237,12910,702,6,11,737067,2939362,0.83,13.46,1808901
45056,7943,742,11,10,688841,562060,0.7,16.1,1333963
139548,12199,622,3,6,290618,1506145,0.71,16.13,2923020
136488,15728,689,8,1,187832,2648202,0.46,12.48,2588321
159415,23275,736,14,7,852150,1192931,0.92,19.3,3566083
169572,6738,842,14,10,316773,4889084,0.69,10.01,3857900
54375,15913,610,10,5,55232,871522,0.73,14.0,1122713
165734,35240,747,2,7,358688,1542247,0.86,16.29,3236524
41964,19123,844,14,0,470385,4372216,0.27,16.37,2194058
138429,48447,560,9,14,793301,2181906,0.81,15.78,3158008
92215,34529,611,3,0,322813,602276,0.2,11.3,1069663
94042,10167,775,8,11,219093,1500134,0.35,9.87,2011076
169356,10554,702,16,6,341328,2604884,0.34,15.63,3848029
118468,17260,748,2,7,713305,1705243,0.98,15.19,2501476
34435,47045,601,6,12,23140,4274692,0.86,10.15,1961625
103832,3812,809,12,2,398612,4022928,0.7,16.46,3179026
76293,28024,608,5,4,617745,239779,0.73,13.46,1019791
103781,27285,621,2,11,548645,2975605,0.56,16.01,3022290
185196,26900,697,16,0,533375,4888639,0.95,18.05,4727566
68919,1605,612,5,6,121672,788140,0.5,10.04,1257731
191319,5622,792,15,4,340817,3558539,0.38,8.23,3059017
146172,6767,656,12,7,655961,3746037,0.16,17.35,4258948
119758,27139,775,4,12,599921,2123238,0.79,15.32,2917029
81573,11613,767,15,7,742303,4726276,0.73,16.4,3221486
84101,10589,790,11,8,630399,4588727,0.38,18.06,3523526
51646,13918,808,16,6,874690,1618963,0.03,17.63,1859004
129185,20119,811,6,10,416140,590381,0.84,19.53,3019548
48049,27446,554,14,0,79286,2932235,0.01,14.43,1635619
123116,13046,810,18,12,103269,3683909,0.7,13.86,3484127
122379,24818,603,12,2,268635,1539600,0.97,12.82,1869288
93385,35358,596,11,7,84071,2227503,0.44,9.84,1783071
151131,4324,764,13,2,460542,4232939,0.23,14.87,3916449
196230,10787,726,11,7,231095,3070771,0.7,11.32,3532111
48289,9111,558,16,0,523317,1143647,0.82,19.06,1141068
135226,38110,648,15,4,40651,3611646,0.55,15.0,3184354
125793,16389,569,15,3,80202,1416953,0.97,15.11,2267317
34823,41427,790,4,4,58777,2694245,0.05,12.26,1420968
66975,14043,610,11,7,158066,4122186,0.5,8.62,2260504
34540,28746,727,19,9,863695,421280,0.72,8.38,622707
41364,22350,611,15,14,200706,909245,0.86,13.08,1275227
160683,41605,694,4,13,634446,341207,0.18,9.01,2004605
52663,117,765,13,3,807232,1230746,0.8,15.28,1335879
76991,46685,552,19,10,834255,3289791,0.55,18.57,2680798
129182,18935,709,2,3,773935,592632,0.4,18.59,2665327
187049,47077,776,14,14,336022,4037106,0.13,15.91,4867048
119704,13234,818,4,2,290852,4755185,0.87,10.53,2862998
74115,38328,669,16,6,678179,4754896,0.16,18.36,3137291
116007,846,638,14,2,740265,1472178,0.31,18.63,2836566
174143,10954,617,15,11,598158,1162189,0.29,10.36,2740478
36938,13703,647,3,2,543571,3870426,0.87,16.85,1868147
191267,48153,816,8,10,695933,414299,0.67,11.44,2450537
116680,46514,654,16,9,875139,2381486,0.8,17.63,2892172
29000,22700,672,10,4,434149,3676158,0.25,19.97,1977094
126042,32043,578,4,4,540062,4161900,0.62,8.36,2412571
118610,6469,686,18,13,213127,125438,0.57,18.77,2868770
128691,30105,744,2,5,152055,3770183,0.83,15.47,3256775
63304,42101,775,17,7,630756,1917043,0.91,19.68,1850767
94449,26386,719,13,9,892766,2199391,0.01,13.58,2468077
107986,49376,558,4,5,814565,635719,0.67,18.17,1977954
176836,45587,589,11,14,942443,2801445,0.05,8.75,2995149
133940,36976,574,7,11,535069,808258,0.55,12.02,2125989
63494,39051,810,12,0,124586,4524474,0.29,8.8,1945671
28373,2048,775,10,14,459916,2864140,0.31,19.7,2345879
168233,39001,673,7,7,299768,3564462,0.35,17.8,4343971
122532,12941,587,13,7,541111,181948,0.62,18.23,2504731
117658,45375,800,7,8,552777,2582814,0.33,19.26,3307558
148633,42533,725,17,8,181033,3769457,0.73,9.02,2682150
125386,1828,639,10,1,522880,1206751,0.4,12.63,2080759
52350,1917,586,10,14,301262,953692,0.07,8.85,1607380
118008,20618,725,4,1,110417,217770,0.78,10.53,1151092
119297,32254,833,4,2,91816,4099906,0.29,10.75,2680912
50351,39756,630,7,0,687623,4836917,0.43,13.63,2089621
113668,47362,663,1,3,285709,2437245,0.69,11.22,1858556
139585,20128,589,12,13,685714,2702882,0.33,9.21,2769055
171377,45745,773,13,3,184023,1790008,0.06,10.01,2301258
100353,9,664,10,13,887611,1826525,0.37,9.77,2324390
90953,16644,735,15,8,557936,4513070,0.94,19.68,3537847
82458,22422,605,13,8,453945,1338530,0.64,17.11,2059340
45358,9865,589,9,8,51971,4466951,0.67,19.61,2720375
28267,2219,589,9,9,28658,2181913,0.63,13.28,1529465
107745,39809,786,15,6,31253,1478768,0.2,11.34,1857470
114588,5287,838,10,13,467382,1565213,0.42,17.58,3253430
63513,34387,811,10,14,189635,2763398,0.75,11.92,2126603
182164,8512,765,8,1,167462,688152,0.1,11.59,2495761
36338,1342,696,16,9,360808,402980,0.28,10.79,1062396
156484,43336,717,17,4,716938,1038336,0.28,9.56,1807363
32543,19216,641,5,3,220097,2878350,0.43,11.08,1395441
